"Alap neve:","HOLD Részvény Befektetési Alap"
"Befektetési sorozat megjelölése:","A sorozat HUF"
"Befektetési jegy devizaneme:","HUF"
"Kategória:","Részvény"
"Földrajzi kitettség:","Közép-Kelet-Európa"
"Devizális kitettség:",""
"Egyéb jellemző kitettség:",""
"Hozam/kockázat mutató:","4"
"Bef. politika rövid leírása:","Az Alapkezelő célja, hogy a befektetési lehetőségek figyelembevételével az Alap forrásainak átlagosan 50-95 százalékát fordítsa részvények (alapvetően magyar részvények) vásárlására. Az Alapkezelő aktív portfoliókezelést folytatva, fundamentális elemzésekre támaszkodva alakítja az Alap portfoliójának összetételét. Az Alapkezelő az Alappal elsősorban a magyar részvényekbe történő befektetést szeretné alacsony költségszint mellett a Befektetési Jegyek tulajdonosainak elérhetővé tenni.

Az Alapkezelő az Alap eszközeit legfőképpen Magyarországon kibocsátott, tőzsdén jegyzett részvényekbe fekteti. Emellett a Magyar Állam által kibocsátott államkötvényekben és diszkontkincstárjegyekben, valamint alacsony kockázatú fix és változó kamatozású vállalati kötvényekben, jelzáloglevelekben, egyéb hitelviszonyt megtestesítő értékpapírokban és egyéb alacsony kockázatú tőke- és pénzpiaci eszközökben, ügyletekben tartja. Megfelelő nemzetközi tőkepiaci környezet esetén az Alap portfoliójának 30%-ig külföldi kibocsátású részvényeket, állampapírokat, vállalati és egyéb kötvényeket, jelzálogleveleket vásárolhat az Alapkezelő. Az Alapkezelő az Alap nevében csak olyan származtatott ügyletet köthet, amely csökkenti a külföldi befektetések devizakockázatát, a részvények árfolyamkockázatát, valamint a kötvények kamatlábkockázatát (fedezeti ügylet), illetve arbitrázs célokat szolgál, továbbá az árfolyamkockázatot csökkenti. A származtatott ügyletek nem nettósított, összesített értéke az Alap nettó eszközértékének 30%-át nem haladhatja meg. E korlátba nem számítandó bele az árfolyamkockázat csökkentésére kötött származtatott ügylet és a hitelintézettel állampapírra kötött repó ügylet."
"Forgalmazás módja:","Nyilvános nyíltvégű"
"Jogszabályi típus:","1/C.§ részvény ABA"
"Alap indulási dátuma:","2001/03/29"
"Alapkezelő:","Hold Alapkezelő Zrt."
"Letétkezelő:","Raiffeisen Bank Zrt."
"1 éves szórás:","7,71%"
"5 éves szórás:","12,35%"
"Dátum","Árfolyam","NEÉ","Kifizetett hozam","Napi befjegy. forgalom","Napi befjegy. forgalom változás(%)","3 hónapos hozam","6 hónapos hozam","1 éves hozam","3 éves hozam","5 éves hozam","10 éves hozam"
"2026/09/24","32,283754","179001957780","0","123497336,55","0,07%","9,48%","15,46%","32,7%","29,64%","22,23%","16,17%"
"2026/09/23","32,335251","179163796036","0","20884271,74","0,01%","9,4%","15,65%","33,49%","29,71%","22,17%","16,19%"
"2026/09/22","32,532325","180234735984","0","86215377,86","0,05%","10,12%","15,9%","34,69%","29,97%","22,38%","16,28%"
"2026/09/21","32,446359","179672481844","0","40827513,2","0,02%","9,65%","15,59%","34,41%","29,86%","22,65%","16,34%"
"2026/09/18","32,228928","178427898611","0","709106127,6","0,39%","8,93%","12,41%","33,82%","29,41%","22,02%","16,33%"
"2026/09/17","32,66138","180103446644","0","12307721,59","0,01%","10,23%","13,92%","35,54%","29,64%","22,34%","16,49%"
"2026/09/16","32,380429","178542007025","0","122044168,8","0,07%","9,82%","13,88%","33,98%","29,26%","22,14%","16,39%"
"2026/09/15","32,505634","179109857096","0","-52034076,22","-0,03%","10,91%","14,42%","33,15%","29,43%","22,18%","16,39%"
"2026/09/14","32,54617","179385314177","0","-304707137,35","-0,17%","11,1%","14,56%","33,54%","29,76%","22,2%","16,44%"
"2026/09/11","32,621003","180103180324","0","95196698,33","0,05%","12,82%","14,28%","33,38%","30,29%","22,35%","16,34%"